iter	RMSE
0	284.7246174
1	282.8470578
